Wall time,Step,Value
1598644894.006148,10008000,40.9900016784668
