Wall time,Step,Value
1598022620.233869,0,1.100000023841858
1598029074.62708,1188000,6.599999904632568
1598035561.274831,2376000,9.0
1598042081.811213,3564000,10.800000190734863
1598458524.976129,4752000,23.100000381469727
1598465195.633847,5940000,20.299999237060547
1598471780.009505,7128000,24.899999618530273
1598478368.742194,8316000,16.299999237060547
1598485035.541204,9504000,20.0
