Wall time,Step,Value
1598014681.689726,7761600,3774.820068359375
