Wall time,Step,Value
1597932281.312884,0,280.5
1597938416.368495,1108800,276.79998779296875
1597944659.612522,2217600,2073.0
1597951109.89877,3326400,3196.699951171875
1597957679.620172,4435200,3286.300048828125
1597964252.363629,5544000,3528.60009765625
1597970810.68258,6652800,3612.699951171875
1597977386.037307,7761600,3777.5
1597983877.688147,8870400,3762.199951171875
1597990303.621823,9979200,3477.300048828125
