Wall time,Step,Value
1597931051.869208,8236800,91.1500015258789
