Wall time,Step,Value
1598011918.562707,5778520,75.33000183105469
