Wall time,Step,Value
1597928529.47387,9164966,78.58999633789062
