Wall time,Step,Value
1598189144.085213,7126658,41.099998474121094
