Wall time,Step,Value
1597929933.677564,6652800,25.479999542236328
